Slack,Player
@45te,paleale
@6DemonBag,6DemonBag
@Abyssian,Abyssian
@Alfred,AlfredSeet
@amoxjs,AmoXJS
@AmoXJS,AmoXJS
@Analconda,analconda
@Andrew (Feitonghofei),Feitonghofei
@anonik,AnoniK
@AnoniK,AnoniK
@AntonVess,AntonVess
@Appledirt,Apledirt
@Arklight,Arklight
@Arrowny,Arrowny
@Asylamb,Asylamb
@Avatar,Avatar
@BeBop,BeBop112
@BentoBox,BentoBox
@BiggestBunny,BiggestBunny
@Bihotz,Bihotz
@brakkis,Brakkis
@BrickEater,BrickEater
@Bridger Bill,BridgerBill
@Brooke,Brookie
@brookie,Brookie
@Brookie,Brookie
@Burrito,burrito
@cactusjack,cactusjack
@caddam,Caddam
@Cadmium,Cadmium
@capitalg,capitalg
@Cerberus,Cerberus
@Charley,Duress
@Chronomor,Chronomor
@Cleanser,Cleanser
@cmikaitis,cmikaitis
@D3r3lict,D3r3lict
@Daniel,Daniel
@Daninja,Daninja
@darkcanuck,darkcanuck
@Darksoulsborne,Babyweenus
@Decadentia,Decadentia
@Demonious,Demonious
@Digger,Digger
@djganesh,djganesh
@DoktorJadran,DoktorJadran
@DontHateMe,DontHateMe
@draugdae,Draugdae
@drkumquat,drkumquat
@Drogo,Drogo
@drstrangepork,drstrangepork
@Dxthree,Dxthree
@Edhmage,EDHmage
@Edhmage( . Y . ),EDHmage
@efhktddyjkb,efhktddyjkb
@eleusisink,Eleusisink
@Esti234,Esti234
@EuropaChaos,EuropaChaos
@Evil knot,Evil knot
@Explode1,Explode1
@Faiith,Faiith
@Fanciest,Fanciest
@fartingsnail,fartingsnail
@FartNeedles,FartNeedles
@FatMan,FatMan
@first,First
@First,First
@Gaston,Gaston
@GGBond,GGBond
@Gideon,Gideon
@Gorakh,Gorakh
@gorbad,Gorbad
@Gorelash,Gorelash
@GothamFlash,GothamFlash
@gregdreher,GregDreher
@Greywolf,greywolf
@GrumpyGideon,GrumpyGideon
@guest,Guest
@Guest2,Guest2
@Guido32,Guido32
@hesturk,Hesturk
@HooPoe,HooPoe
@Houdin,Houdin
@HuanChoo,HuanChoo
@hueytw,hueyTW
@Hyena17,Hyena17
@ImWithStupid,ImWithStupid
@ironer,Ironer
@Jackum Allday,JackumAllday
@jainus,jainus
@Jaïnus,jainus
@Jainus,jainus
@Janjers,Janjers
@Jayariel Drillowup,Jayariel
@jeffrey27,Jeffrey27
@JimL777,Notjiml
@Johnthebarn,Johnthebarn
@Juhlz,MJuhlz
@Kabezamtg,Kabezamtg
@KageTora,KageTora
@Kauppila,Kauppila
@Kayoreal,Kayoireal
@KelsiGrammar,KelsiGrammar
@kensei,Kensei
@Kerowyn,Kerowyb
@Khaalis,Khaalis
@kiyometane,Theros
@Koogly,ProNOOBe
@Kristoffer,KrizzB
@Kyrle,Kyrle
@laeuftbeidir,laeuftbeidir
@Lantore,Lantore
@Larz70,Larz70
@LokiJira,LokiJira
@lost4g,Lost4G
@Lumiere,Lumiere
@macabra,MacAbra
@Machnov,Machnov
@madwren,madwren
@Magegaga,Magegaga
@Magesty,Magesty
@Magicdj,Magicdj
@MagicNinja1,MagicNinja1
@marsdeon,marsdeon
@Marsdeon,marsdeon
@MarsDeon,marsdeon
@Marshall,Marshall
@Masaana,Masaana
@matthew,Matthew
@Matthew,Matthew
@Metrognomy,Metrognomy
@Michael (Dediilus),Dediilus
@Michael_WC,Lucian
@mister20,Mister20
@MisterCawck,MisterCawck
@Mitchl,Mitchl
@Mithras,Mithras
@mjrcogs,mjrcogs
@mockstar,MockStar
@MomirQaViggy,MomirQaViggy
@MONGKOKKID,MongkokKid
@MooNinja,MooNinja
@Morgoth,Morgoth
@Morlock,Morlock
@Morris01,Morris01
@MorrisChang,MorrisChang
@mrfreo,GoFreo
@MTGPQLazarus,Lazarus
@Mucephei,Mucephei
@MuCephei,Mucephei
@Muirthemne,Muirthemne
@Multani,Multani
@MysticalTooter,MysticalTooter
@Natasi,Natasi
@nebula,Nebula
@Necrossi,Necrossi
@Neil Dsfargeg,Dsfargeg
@Nethmi k,Nethmik
@Nezkhy,Nezkhy
@nezumi,nezumi
@nickolas,Nickolas
@Nickolas,Nickolas
@Nick,Nickolas
@NiiGin,NiiGin
@Norinth,Norinth
@Nyarlathothep,Nyarlathotep
@Nyarlathotep,Nyarlathotep
@NYCFCBert,NYCFCBert
@Oberon,oberon
@Oibaf2000,oibaf2000
@oikeus,oikeus
@Oikeus,oikeus
@Omi77,Omi77
@Omni,OmniTron
@oodvboo,oodvboo
@OperaSM,OperaSM
@Orion,Orion
@panlee,PanLee
@Patricio,Patricio
@pbmtg,pbmtg
@Pemungkah,Pemungkah
@Pharom,Pharom
@Pharom /Joe,Pharom
@PinkMafia,PinkMafia
@pinkyellow12,pinkyellow1203
@PIoneer2,PIoneer2
@Poposin,Poposin
@Potency2000,Potency
@Powernic,Powernic
@Psylun/Olli,psylun
@Quiddajj,Quiddajj
@QuiksilverHg,QuiksilverHg
@Ralpha,Ralpha
@raroch,raroch
@raunen,raunen
@Ray Finkle,RayFinkle
@RedWizzard4,RedWizzard4
@RenTrout,RenTrout
@RiddleFish,Riddlefish
@rooster,Rooster
@Roro,RoroWarloard
@Ryan Thompson,jimmysnuka
@Rylenor,Rylenor
@Saeren,Saeren
@sajymus,sajymus
@Sam Preston,Sam Preston
@Scottisenses,Scottisenses
@Sensei Tumbleweed,SenseiTumble
@Serenity,Serenity
@serraschmerra,Schmara
@SerraSchmerra,Schmara
@shadowspace1975,ShadowSpace
@Shaggy2000,Shaggy2000
@Shahper,Shahper
@ShomiTheMonkey,ShomiTheMonkey
@Shrek,Shrek
@shteev,shteev
@Sid H. S.,Tamiyo
@SirFury,SirFury
@Siru,Siru
@sirusianne,Sirusianne
@Snapple,Snapple
@Skeletor,Skeletor
@Skiglass6,Skiglas6
@snapple,Snapple
@soybomb,soybomb
@SqueakyWeazel,SqueakyWeazel
@Stephen,Hillz99
@summonghost,summonghost
@Sunbro,TāoTiè
@Swedish Chef,SwedishChef
@Tama,Tama
@Tatonk,Tatonk
@Telanthar,Telanthar
@ThaBombs,ThaBombs
@thatguynamedzack,Zak (Cat?)
@TheIliaster,TheIllaster
@TheMorbo,TheMorbo
@TheMuffinMan,themuffinman
@ThorOso,ThorOso
@Timothy,Timothy
@tinyau,tinyau
@Tomcatmcgee,Tomcatmcgee
@tomnoxx,TomNoxx
@TomteCat,TomteCat
@Torbar,Torbar
@Twister,Twister
@Valdahsor,Valdahsor
@vasy,Vasyro
@Vesticles,Vesticles
@vizzerdrix,vizzerdrix
@Whitetaz,nightmare
@WoodenH0rse,WoodenH0rse
@xannaya,Xannaya
@Xombiemike,Xombiemike
@Yaanchy,Yaanchy
@yogsoth,Yogsoth
@Zariath,Zariath
@ZergKawaii,ZergKawaii
@Zohair,Zohair
@zw2007,zw2007
@ZW2007,zw2007
Aztaren,Aztaren
Emissary,Emissary
GingerFever,GingerFever
gypsiemerald,gypsiemerald
HBURGER,HBURGER
Jrp1787,Jrp1787
nick,nick
Ronbb,Ronbb
Skills,Skills
Soujirou,Soujirou
Sparky,Sparky
TAIDAchan,TAIDAchan
