3568,"Akim, the Soaring Wind",23002,,IKO,Masterpiece,TBD,,1,0,0,0,/static/build_finder/images/23002.png
3569,Alert Heedbonder,23003,,IKO,Uncommon,TBD,,1,0,0,0,/static/build_finder/images/23003.png
3570,Almighty Brushwagg,23004,,IKO,Common,TBD,,1,0,0,0,/static/build_finder/images/23004.png
3571,Archipelagore,23005,,IKO,Uncommon,TBD,,1,0,0,0,/static/build_finder/images/23005.png
3572,Auspicious Starrix,23006,,IKO,Mythic,TBD,,1,0,0,0,/static/build_finder/images/23006.png
3573,Avian Oddity,23007,,IKO,Uncommon,TBD,,1,0,0,0,/static/build_finder/images/23007.png
3574,Back for More,23008,,IKO,Uncommon,TBD,,1,0,0,0,/static/build_finder/images/23008.png
3575,Barrier Breach,23009,,IKO,Uncommon,TBD,,1,0,0,0,/static/build_finder/images/23009.png
3576,Bastion of Remembrance,23010,,IKO,Uncommon,TBD,,1,0,0,0,/static/build_finder/images/23010.png
3577,Blisterspit Gremlin,23011,,IKO,Common,TBD,,1,0,0,0,/static/build_finder/images/23011.png
3578,Blitz Leech,23012,,IKO,Common,TBD,,1,0,0,0,/static/build_finder/images/23012.png
3579,Blitz of the Thunder-Raptor,23013,,IKO,Uncommon,TBD,,1,0,0,0,/static/build_finder/images/23013.png
3580,Blood Curdle,23014,,IKO,Common,TBD,,1,0,0,0,/static/build_finder/images/23014.png
3581,Bonders' Enclave,23015,,IKO,Uncommon,TBD,,1,0,0,0,/static/build_finder/images/23015.png
3582,Boneyard Lurker,23016,,IKO,Uncommon,TBD,,1,0,0,0,/static/build_finder/images/23016.png
3583,Boneyard Mycodrax,23017,,IKO,Rare,TBD,,1,0,0,0,/static/build_finder/images/23017.png
3584,Boon of the Wish-Giver,23018,,IKO,Common,TBD,,1,0,0,0,/static/build_finder/images/23018.png
3585,Boot Nipper,23019,,IKO,Common,TBD,,1,0,0,0,/static/build_finder/images/23019.png
3586,"Brokkos, Apex of Forever",23020,,IKO,Mythic,TBD,,1,0,0,0,/static/build_finder/images/23020.png
3587,Bushmeat Poacher,23021,,IKO,Common,TBD,,1,0,0,0,/static/build_finder/images/23021.png
3588,Call of the Death-Dweller,23022,,IKO,Uncommon,TBD,,1,0,0,0,/static/build_finder/images/23022.png
3589,Call the Coppercoats,23023,,IKO,Rare,TBD,,1,0,0,0,/static/build_finder/images/23023.png
3590,Capricopian,23024,,IKO,Rare,TBD,,1,0,0,0,/static/build_finder/images/23024.png
3591,Cavern Whisperer,23025,,IKO,Uncommon,TBD,,1,0,0,0,/static/build_finder/images/23025.png
3592,Channeled Force,23026,,IKO,Uncommon,TBD,,1,0,0,0,/static/build_finder/images/23026.png
3593,Checkpoint Officer,23027,,IKO,Common,TBD,,1,0,0,0,/static/build_finder/images/23027.png
3594,"Chevill, Bane of Monsters",23028,,IKO,Mythic,TBD,,1,0,0,0,/static/build_finder/images/23028.png
3595,Chittering Harvester,23029,,IKO,Rare,TBD,,1,0,0,0,/static/build_finder/images/23029.png
3596,Clash of Titans,23030,,IKO,Uncommon,TBD,,1,0,0,0,/static/build_finder/images/23030.png
3597,Cloudpiercer,23031,,IKO,Common,TBD,,1,0,0,0,/static/build_finder/images/23031.png
3598,Colossification,23032,,IKO,Rare,TBD,,1,0,0,0,/static/build_finder/images/23032.png
3599,Corpse Churn,23033,,IKO,Common,TBD,,1,0,0,0,/static/build_finder/images/23033.png
3600,Crystacean,23034,,IKO,Common,TBD,,1,0,0,0,/static/build_finder/images/23034.png
3601,Crystalline Giant,23035,,IKO,Rare,TBD,,1,0,0,0,/static/build_finder/images/23035.png
3602,Crystalline Resonance,23036,,IKO,Rare,TBD,,1,0,0,0,/static/build_finder/images/23036.png
3603,Cubwarden,23037,,IKO,Mythic,TBD,,1,0,0,0,/static/build_finder/images/23037.png
3604,Cunning Nightbonder,23038,,IKO,Uncommon,TBD,,1,0,0,0,/static/build_finder/images/23038.png
3605,Death's Oasis,23039,,IKO,Mythic,TBD,,1,0,0,0,/static/build_finder/images/23039.png
3606,Dire Tactics,23040,,IKO,Uncommon,TBD,,1,0,0,0,/static/build_finder/images/23040.png
3607,Dirge Bat,23041,,IKO,Mythic,TBD,,1,0,0,0,/static/build_finder/images/23041.png
3608,Dismantling Wave,23042,,IKO,Masterpiece,TBD,,1,0,0,0,/static/build_finder/images/23042.png
3609,Drannith Healer,23043,,IKO,Common,TBD,,1,0,0,0,/static/build_finder/images/23043.png
3610,Drannith Magistrate,23044,,IKO,Rare,TBD,,1,0,0,0,/static/build_finder/images/23044.png
3611,Drannith Stinger,23045,,IKO,Common,TBD,,1,0,0,0,/static/build_finder/images/23045.png
3612,Dreamtail Heron,23046,,IKO,Uncommon,TBD,,1,0,0,0,/static/build_finder/images/23046.png
3613,Durable Coilbug,23047,,IKO,Common,TBD,,1,0,0,0,/static/build_finder/images/23047.png
3614,Duskfang Mentor,23048,,IKO,Uncommon,TBD,,1,0,0,0,/static/build_finder/images/23048.png
3615,Easy Prey,23049,,IKO,Common,TBD,,1,0,0,0,/static/build_finder/images/23049.png
3616,Eerie Ultimatum,23050,,IKO,Mythic,TBD,,1,0,0,0,/static/build_finder/images/23050.png
3617,Emergent Ultimatum,23051,,IKO,Mythic,TBD,,1,0,0,0,/static/build_finder/images/23051.png
3618,Escape Protocol,23052,,IKO,Uncommon,TBD,,1,0,0,0,/static/build_finder/images/23052.png
3619,Essence Symbiote,23053,,IKO,Common,TBD,,1,0,0,0,/static/build_finder/images/23053.png
3620,Ethereal Forager,23054,,IKO,Rare,TBD,,1,0,0,0,/static/build_finder/images/23054.png
3621,Everquill Phoenix,23055,,IKO,Mythic,TBD,,1,0,0,0,/static/build_finder/images/23055.png
3622,Excavation Mole,23056,,IKO,Common,TBD,,1,0,0,0,/static/build_finder/images/23056.png
3623,Extinction Event,23057,,IKO,Mythic,TBD,,1,0,0,0,/static/build_finder/images/23057.png
3624,Exuberant Wolfbear,23058,,IKO,Uncommon,TBD,,1,0,0,0,/static/build_finder/images/23058.png
3625,Facet Reader,23059,,IKO,Common,TBD,,1,0,0,0,/static/build_finder/images/23059.png
3626,Ferocious Tigorilla,23060,,IKO,Common,TBD,,1,0,0,0,/static/build_finder/images/23060.png
3627,Fertilid,23061,,IKO,Common,TBD,,1,0,0,0,/static/build_finder/images/23061.png
3628,Fiend Artisan,23062,,IKO,Rare,TBD,,1,0,0,0,/static/build_finder/images/23062.png
3629,Fight as One,23063,,IKO,Common,TBD,,1,0,0,0,/static/build_finder/images/23063.png
3630,Fire Prophecy,23064,,IKO,Common,TBD,,1,0,0,0,/static/build_finder/images/23064.png
3631,Fireflux Squad,23065,,IKO,Rare,TBD,,1,0,0,0,/static/build_finder/images/23065.png
3632,Flame Spill,23066,,IKO,Uncommon,TBD,,1,0,0,0,/static/build_finder/images/23066.png
3633,Flourishing Fox,23067,,IKO,Common,TBD,,1,0,0,0,/static/build_finder/images/23067.png
3634,Flycatcher Giraffid,23068,,IKO,Common,TBD,,1,0,0,0,/static/build_finder/images/23068.png
3635,Forbidden Friendship,23069,,IKO,Common,TBD,,1,0,0,0,/static/build_finder/images/23069.png
3636,Frillscare Mentor,23070,,IKO,Uncommon,TBD,,1,0,0,0,/static/build_finder/images/23070.png
3637,Frondland Felidar,23071,,IKO,Rare,TBD,,1,0,0,0,/static/build_finder/images/23071.png
3638,Frostveil Ambush,23072,,IKO,Common,TBD,,1,0,0,0,/static/build_finder/images/23072.png
3639,Garrison Cat,23073,,IKO,Common,TBD,,1,0,0,0,/static/build_finder/images/23073.png
3640,"Gavi, Nest Warden",23074,,IKO,Masterpiece,TBD,,1,0,0,0,/static/build_finder/images/23074.png
3641,Gemrazer,23075,,IKO,Rare,TBD,,1,0,0,0,/static/build_finder/images/23075.png
3642,General Kudro of Drannith,23076,,IKO,Mythic,TBD,,1,0,0,0,/static/build_finder/images/23076.png
3643,General's Enforcer,23077,,IKO,Rare,TBD,,1,0,0,0,/static/build_finder/images/23077.png
3644,Genesis Ultimatum,23078,,IKO,Mythic,TBD,,1,0,0,0,/static/build_finder/images/23078.png
3645,Glimmerbell,23079,,IKO,Common,TBD,,1,0,0,0,/static/build_finder/images/23079.png
3646,Glowstone Recluse,23080,,IKO,Rare,TBD,,1,0,0,0,/static/build_finder/images/23080.png
3647,Go for Blood,23081,,IKO,Common,TBD,,1,0,0,0,/static/build_finder/images/23081.png
3648,Grimdancer,23082,,IKO,Uncommon,TBD,,1,0,0,0,/static/build_finder/images/23082.png
3649,Gust of Wind,23083,,IKO,Common,TBD,,1,0,0,0,/static/build_finder/images/23083.png
3650,"Gyruda, Doom of Depths",23084,,IKO,Rare,TBD,,1,0,0,0,/static/build_finder/images/23084.png
3651,Heartless Act,23085,,IKO,Uncommon,TBD,,1,0,0,0,/static/build_finder/images/23085.png
3652,Helica Glider,23086,,IKO,Common,TBD,,1,0,0,0,/static/build_finder/images/23086.png
3653,Herald of the Forgotten,23087,,IKO,Rare,TBD,,1,0,0,0,/static/build_finder/images/23087.png
3654,Honey Mammoth,23088,,IKO,Common,TBD,,1,0,0,0,/static/build_finder/images/23088.png
3655,Hornbash Mentor,23089,,IKO,Uncommon,TBD,,1,0,0,0,/static/build_finder/images/23089.png
3656,Humble Naturalist,23090,,IKO,Common,TBD,,1,0,0,0,/static/build_finder/images/23090.png
3657,Hunted Nightmare,23091,,IKO,Uncommon,TBD,,1,0,0,0,/static/build_finder/images/23091.png
3658,Huntmaster Liger,23092,,IKO,Rare,TBD,,1,0,0,0,/static/build_finder/images/23092.png
3659,"Illuna, Apex of Wishes",23093,,IKO,Mythic,TBD,,1,0,0,0,/static/build_finder/images/23093.png
3660,Imposing Vantasaur,23094,,IKO,Common,TBD,,1,0,0,0,/static/build_finder/images/23094.png
3661,Indatha Triome,23095,,IKO,Uncommon,TBD,,1,0,0,0,/static/build_finder/images/23095.png
3662,Insatiable Hemophage,23096,,IKO,Rare,TBD,,1,0,0,0,/static/build_finder/images/23096.png
3663,Inspired Ultimatum,23097,,IKO,Mythic,TBD,,1,0,0,0,/static/build_finder/images/23097.png
3664,"Jegantha, the Wellspring",23098,,IKO,Rare,TBD,,1,0,0,0,/static/build_finder/images/23098.png
3665,Jirina Kudro,23099,,IKO,Masterpiece,TBD,,1,0,0,0,/static/build_finder/images/23099.png
3666,Jubilant Skybonder,23100,,IKO,Uncommon,TBD,,1,0,0,0,/static/build_finder/images/23100.png
3667,"Kaheera, the Orphanguard",23101,,IKO,Rare,TBD,,1,0,0,0,/static/build_finder/images/23101.png
3668,"Kalamax, the Stormsire",23102,,IKO,Masterpiece,TBD,,1,0,0,0,/static/build_finder/images/23102.png
3669,"Kathril, Aspect Warper",23103,,IKO,Masterpiece,TBD,,1,0,0,0,/static/build_finder/images/23103.png
3670,Keensight Mentor,23104,,IKO,Uncommon,TBD,,1,0,0,0,/static/build_finder/images/23104.png
3671,Keep Safe,23105,,IKO,Common,TBD,,1,0,0,0,/static/build_finder/images/23105.png
3672,"Kelsien, the Plague",23106,,IKO,Masterpiece,TBD,,1,0,0,0,/static/build_finder/images/23106.png
3673,"Keruga, the Macrosage",23107,,IKO,Rare,TBD,,1,0,0,0,/static/build_finder/images/23107.png
3674,Ketria Triome,23108,,IKO,Uncommon,TBD,,1,0,0,0,/static/build_finder/images/23108.png
3675,"Kinnan, Bonder Prodigy",23109,,IKO,Mythic,TBD,,1,0,0,0,/static/build_finder/images/23109.png
3676,"Kogla, the Titan Ape",23110,,IKO,Mythic,TBD,,1,0,0,0,/static/build_finder/images/23110.png
3677,Labyrinth Raptor,23111,,IKO,Rare,TBD,,1,0,0,0,/static/build_finder/images/23111.png
3678,Lava Serpent,23112,,IKO,Common,TBD,,1,0,0,0,/static/build_finder/images/23112.png
3679,Lavabrink Venturer,23113,,IKO,Uncommon,TBD,,1,0,0,0,/static/build_finder/images/23113.png
3680,Lead the Stampede,23114,,IKO,Uncommon,TBD,,1,0,0,0,/static/build_finder/images/23114.png
3681,Light of Hope,23115,,IKO,Common,TBD,,1,0,0,0,/static/build_finder/images/23115.png
3682,Lore Drakkis,23116,,IKO,Rare,TBD,,1,0,0,0,/static/build_finder/images/23116.png
3683,Luminous Broodmoth,23117,,IKO,Mythic,TBD,,1,0,0,0,/static/build_finder/images/23117.png
3684,Lurking Deadeye,23118,,IKO,Common,TBD,,1,0,0,0,/static/build_finder/images/23118.png
3685,Lurrus of the Dream Den,23119,,IKO,Rare,TBD,,1,0,0,0,/static/build_finder/images/23119.png
3686,"Lutri, the Spellchaser",23120,,IKO,Rare,TBD,,1,0,0,0,/static/build_finder/images/23120.png
3687,Majestic Auricorn,23121,,IKO,Uncommon,TBD,,1,0,0,0,/static/build_finder/images/23121.png
3688,Migratory Greathorn,23122,,IKO,Uncommon,TBD,,1,0,0,0,/static/build_finder/images/23122.png
3689,Mindleecher,23123,,IKO,Masterpiece,TBD,,1,0,0,0,/static/build_finder/images/23123.png
3690,Molten Echoes,23124,,IKO,Rare,TBD,,1,0,0,0,/static/build_finder/images/23124.png
3691,Momentum Rumbler,23125,,IKO,Uncommon,TBD,,1,0,0,0,/static/build_finder/images/23125.png
3692,Monstrous Step,23126,,IKO,Uncommon,TBD,,1,0,0,0,/static/build_finder/images/23126.png
3693,Mutual Destruction,23127,,IKO,Common,TBD,,1,0,0,0,/static/build_finder/images/23127.png
3694,Mysterious Egg,23128,,IKO,Common,TBD,,1,0,0,0,/static/build_finder/images/23128.png
3695,Mystic Subdual,23129,,IKO,Uncommon,TBD,,1,0,0,0,/static/build_finder/images/23129.png
3696,Mythos of Brokkos,23130,,IKO,Rare,TBD,,1,0,0,0,/static/build_finder/images/23130.png
3697,Mythos of Illuna,23131,,IKO,Rare,TBD,,1,0,0,0,/static/build_finder/images/23131.png
3698,Mythos of Nethroi,23132,,IKO,Rare,TBD,,1,0,0,0,/static/build_finder/images/23132.png
3699,Mythos of Snapdax,23133,,IKO,Rare,TBD,,1,0,0,0,/static/build_finder/images/23133.png
3700,Mythos of Vadrok,23134,,IKO,Rare,TBD,,1,0,0,0,/static/build_finder/images/23134.png
3701,Necropanther,23135,,IKO,Rare,TBD,,1,0,0,0,/static/build_finder/images/23135.png
3702,Nesting Grounds,23136,,IKO,Rare,TBD,,1,0,0,0,/static/build_finder/images/23136.png
3703,"Nethroi, Apex of Death",23137,,IKO,Mythic,TBD,,1,0,0,0,/static/build_finder/images/23137.png
3704,Neutralize,23138,,IKO,Common,TBD,,1,0,0,0,/static/build_finder/images/23138.png
3705,Nightsquad Commando,23139,,IKO,Common,TBD,,1,0,0,0,/static/build_finder/images/23139.png
3706,"Obosh, the Preypiercer",23140,,IKO,Rare,TBD,,1,0,0,0,/static/build_finder/images/23140.png
3707,Of One Mind,23141,,IKO,Common,TBD,,1,0,0,0,/static/build_finder/images/23141.png
3708,Offspring's Revenge,23142,,IKO,Mythic,TBD,,1,0,0,0,/static/build_finder/images/23142.png
3709,Ominous Seas,23143,,IKO,Rare,TBD,,1,0,0,0,/static/build_finder/images/23143.png
3710,"Otrimi, the Ever-Playful",23144,,IKO,Masterpiece,TBD,,1,0,0,0,/static/build_finder/images/23144.png
3711,"Pako, Arcane Retriever",23145,,IKO,Mythic,TBD,,1,0,0,0,/static/build_finder/images/23145.png
3712,Parcelbeast,23146,,IKO,Uncommon,TBD,,1,0,0,0,/static/build_finder/images/23146.png
3713,Patagia Tiger,23147,,IKO,Common,TBD,,1,0,0,0,/static/build_finder/images/23147.png
3714,Phase Dolphin,23148,,IKO,Common,TBD,,1,0,0,0,/static/build_finder/images/23148.png
3715,Pollywog Symbiote,23149,,IKO,Uncommon,TBD,,1,0,0,0,/static/build_finder/images/23149.png
3716,Porcuparrot,23150,,IKO,Uncommon,TBD,,1,0,0,0,/static/build_finder/images/23150.png
3717,Pouncing Shoreshark,23151,,IKO,Rare,TBD,,1,0,0,0,/static/build_finder/images/23151.png
3718,Prickly Marmoset,23152,,IKO,Common,TBD,,1,0,0,0,/static/build_finder/images/23152.png
3719,Primal Empathy,23153,,IKO,Uncommon,TBD,,1,0,0,0,/static/build_finder/images/23153.png
3720,Proud Wildbonder,23154,,IKO,Uncommon,TBD,,1,0,0,0,/static/build_finder/images/23154.png
3721,Pyroceratops,23155,,IKO,Common,TBD,,1,0,0,0,/static/build_finder/images/23155.png
3722,Quartzwood Crasher,23156,,IKO,Rare,TBD,,1,0,0,0,/static/build_finder/images/23156.png
3723,Ram Through,23157,,IKO,Common,TBD,,1,0,0,0,/static/build_finder/images/23157.png
3724,Raugrin Triome,23158,,IKO,Uncommon,TBD,,1,0,0,0,/static/build_finder/images/23158.png
3725,Ravenous Gigantotherium,23159,,IKO,Rare,TBD,,1,0,0,0,/static/build_finder/images/23159.png
3726,Reconnaissance Mission,23160,,IKO,Uncommon,TBD,,1,0,0,0,/static/build_finder/images/23160.png
3727,Regal Leosaur,23161,,IKO,Uncommon,TBD,,1,0,0,0,/static/build_finder/images/23161.png
3728,Reptilian Reflection,23162,,IKO,Rare,TBD,,1,0,0,0,/static/build_finder/images/23162.png
3729,"Rielle, the Everwise",23163,,IKO,Mythic,TBD,,1,0,0,0,/static/build_finder/images/23163.png
3730,Rooting Moloch,23164,,IKO,Common,TBD,,1,0,0,0,/static/build_finder/images/23164.png
3731,Ruinous Ultimatum,23165,,IKO,Mythic,TBD,,1,0,0,0,/static/build_finder/images/23165.png
3732,Sanctuary Lockdown,23166,,IKO,Uncommon,TBD,,1,0,0,0,/static/build_finder/images/23166.png
3733,Sanctuary Smasher,23167,,IKO,Uncommon,TBD,,1,0,0,0,/static/build_finder/images/23167.png
3734,Savai Thundermane,23168,,IKO,Uncommon,TBD,,1,0,0,0,/static/build_finder/images/23168.png
3735,Savai Triome,23169,,IKO,Uncommon,TBD,,1,0,0,0,/static/build_finder/images/23169.png
3736,Sawtusk Demolisher,23170,,IKO,Rare,TBD,,1,0,0,0,/static/build_finder/images/23170.png
3737,Sea-Dasher Octopus,23171,,IKO,Mythic,TBD,,1,0,0,0,/static/build_finder/images/23171.png
3738,Selective Adaptation,23172,,IKO,Masterpiece,TBD,,1,0,0,0,/static/build_finder/images/23172.png
3739,"Shabraz, the Skyshark",23173,,IKO,Mythic,TBD,,1,0,0,0,/static/build_finder/images/23173.png
3740,Shark Typhoon,23174,,IKO,Mythic,TBD,,1,0,0,0,/static/build_finder/images/23174.png
3741,Shredded Sails,23175,,IKO,Common,TBD,,1,0,0,0,/static/build_finder/images/23175.png
3742,"Silvar, Devourer of the Free",23176,,IKO,Mythic,TBD,,1,0,0,0,/static/build_finder/images/23176.png
3743,Skull Prophet,23177,,IKO,Uncommon,TBD,,1,0,0,0,/static/build_finder/images/23177.png
3744,Skycat Sovereign,23178,,IKO,Rare,TBD,,1,0,0,0,/static/build_finder/images/23178.png
3745,Slippery Bogbonder,23179,,IKO,Rare,TBD,,1,0,0,0,/static/build_finder/images/23179.png
3746,Slitherwisp,23180,,IKO,Rare,TBD,,1,0,0,0,/static/build_finder/images/23180.png
3747,"Snapdax, Apex of the Hunt",23181,,IKO,Mythic,TBD,,1,0,0,0,/static/build_finder/images/23181.png
3748,Snare Tactician,23182,,IKO,Common,TBD,,1,0,0,0,/static/build_finder/images/23182.png
3749,Song of Creation,23183,,IKO,Mythic,TBD,,1,0,0,0,/static/build_finder/images/23183.png
3750,Sonorous Howlbonder,23184,,IKO,Uncommon,TBD,,1,0,0,0,/static/build_finder/images/23184.png
3751,Souvenir Snatcher,23185,,IKO,Masterpiece,TBD,,1,0,0,0,/static/build_finder/images/23185.png
3752,Species Specialist,23186,,IKO,Rare,TBD,,1,0,0,0,/static/build_finder/images/23186.png
3753,Spelleater Wolverine,23187,,IKO,Common,TBD,,1,0,0,0,/static/build_finder/images/23187.png
3754,Spellpyre Phoenix,23188,,IKO,Rare,TBD,,1,0,0,0,/static/build_finder/images/23188.png
3755,Splendor Mare,23189,,IKO,Uncommon,TBD,,1,0,0,0,/static/build_finder/images/23189.png
3756,Spontaneous Flight,23190,,IKO,Common,TBD,,1,0,0,0,/static/build_finder/images/23190.png
3757,Sprite Dragon,23191,,IKO,Uncommon,TBD,,1,0,0,0,/static/build_finder/images/23191.png
3758,Startling Development,23192,,IKO,Common,TBD,,1,0,0,0,/static/build_finder/images/23192.png
3759,Stormwild Capridor,23193,,IKO,Uncommon,TBD,,1,0,0,0,/static/build_finder/images/23193.png
3760,Sudden Spinnerets,23194,,IKO,Common,TBD,,1,0,0,0,/static/build_finder/images/23194.png
3761,Surly Badgersaur,23195,,IKO,Masterpiece,TBD,,1,0,0,0,/static/build_finder/images/23195.png
3762,Survivors' Bond,23196,,IKO,Common,TBD,,1,0,0,0,/static/build_finder/images/23196.png
3763,Swallow Whole,23197,,IKO,Uncommon,TBD,,1,0,0,0,/static/build_finder/images/23197.png
3764,"Tayam, Luminous Enigma",23198,,IKO,Masterpiece,TBD,,1,0,0,0,/static/build_finder/images/23198.png
3765,The Ozolith,23199,,IKO,Rare,TBD,,1,0,0,0,/static/build_finder/images/23199.png
3766,Thieving Otter,23200,,IKO,Common,TBD,,1,0,0,0,/static/build_finder/images/23200.png
3767,Thwart the Enemy,23201,,IKO,Common,TBD,,1,0,0,0,/static/build_finder/images/23201.png
3768,Tidal Barracuda,23202,,IKO,Rare,TBD,,1,0,0,0,/static/build_finder/images/23202.png
3769,Titan Hunter,23203,,IKO,Rare,TBD,,1,0,0,0,/static/build_finder/images/23203.png
3770,Titanoth Rex,23204,,IKO,Uncommon,TBD,,1,0,0,0,/static/build_finder/images/23204.png
3771,Titans' Nest,23205,,IKO,Mythic,TBD,,1,0,0,0,/static/build_finder/images/23205.png
3772,Trumpeting Gnarr,23206,,IKO,Rare,TBD,,1,0,0,0,/static/build_finder/images/23206.png
3773,"Ukkima, Stalking Shadow",23207,,IKO,Mythic,TBD,,1,0,0,0,/static/build_finder/images/23207.png
3774,"Umori, the Collector",23208,,IKO,Rare,TBD,,1,0,0,0,/static/build_finder/images/23208.png
3775,Unbreakable Bond,23209,,IKO,Common,TBD,,1,0,0,0,/static/build_finder/images/23209.png
3776,Unpredictable Cyclone,23210,,IKO,Mythic,TBD,,1,0,0,0,/static/build_finder/images/23210.png
3777,"Vadrok, Apex of Thunder",23211,,IKO,Mythic,TBD,,1,0,0,0,/static/build_finder/images/23211.png
3778,Valiant Rescuer,23212,,IKO,Uncommon,TBD,,1,0,0,0,/static/build_finder/images/23212.png
3779,Vitality Hunter,23213,,IKO,Rare,TBD,,1,0,0,0,/static/build_finder/images/23213.png
3780,Void Beckoner,23214,,IKO,Uncommon,TBD,,1,0,0,0,/static/build_finder/images/23214.png
3781,Voracious Greatshark,23215,,IKO,Rare,TBD,,1,0,0,0,/static/build_finder/images/23215.png
3782,Vulpikeet,23216,,IKO,Common,TBD,,1,0,0,0,/static/build_finder/images/23216.png
3783,Weaponize the Monsters,23217,,IKO,Uncommon,TBD,,1,0,0,0,/static/build_finder/images/23217.png
3784,Whirlwind of Thought,23218,,IKO,Mythic,TBD,,1,0,0,0,/static/build_finder/images/23218.png
3785,Whisper Squad,23219,,IKO,Common,TBD,,1,0,0,0,/static/build_finder/images/23219.png
3786,Will of the All-Hunter,23220,,IKO,Common,TBD,,1,0,0,0,/static/build_finder/images/23220.png
3787,Wilt,23221,,IKO,Common,TBD,,1,0,0,0,/static/build_finder/images/23221.png
3788,Wingfold Pteron,23222,,IKO,Common,TBD,,1,0,0,0,/static/build_finder/images/23222.png
3789,Wingspan Mentor,23223,,IKO,Uncommon,TBD,,1,0,0,0,/static/build_finder/images/23223.png
3790,"Winota, Joiner of Forces",23224,,IKO,Mythic,TBD,,1,0,0,0,/static/build_finder/images/23224.png
3791,"Xyris, the Writhing Storm",23225,,IKO,Masterpiece,TBD,,1,0,0,0,/static/build_finder/images/23225.png
3792,"Yannik, Scavenging Sentinel",23226,,IKO,Mythic,TBD,,1,0,0,0,/static/build_finder/images/23226.png
3793,"Yidaro, Wandering Monster",23227,,IKO,Rare,TBD,,1,0,0,0,/static/build_finder/images/23227.png
3794,"Yorion, Sky Nomad",23228,,IKO,Rare,TBD,,1,0,0,0,/static/build_finder/images/23228.png
3795,Zagoth Mamba,23229,,IKO,Common,TBD,,1,0,0,0,/static/build_finder/images/23229.png
3796,Zagoth Triome,23230,,IKO,Uncommon,TBD,,1,0,0,0,/static/build_finder/images/23230.png
3797,"Zaxara, the Exemplary",23231,,IKO,Masterpiece,TBD,,1,0,0,0,/static/build_finder/images/23231.png
3798,Zenith Flare,23232,,IKO,Rare,TBD,,1,0,0,0,/static/build_finder/images/23232.png
3799,"Zirda, the Dawnwaker",23233,,IKO,Rare,TBD,,1,0,0,0,/static/build_finder/images/23233.png
